{"en": {"openai_gpt-4o": [-4.1325, -3.4000000000000012], "deepseek_deepseek-chat-v3-0324": [-3.479999999999999, -3.3400000000000007], "x-ai_grok-beta": [-0.039999999999999925, -1.9000000000000006], "mistralai_mistral-large-2411": [-5.167499999999999, -3.200000000000001]}, "fr": {"openai_gpt-4o": [-5.982499999999999, -4.250000000000001], "deepseek_deepseek-chat-v3-0324": [-4.632499999999999, -2.850000000000001], "x-ai_grok-beta": [-3.9149999999999996, -3.2500000000000013], "mistralai_mistral-large-2411": [-3.475, -2.125]}}